Episode,Weight
0,0.09163787
1,0.059815783
2,0.07216755
3,0.12396214
