Sno,Weight
0,0.096145816
1,0.114513844
2,0.09131189
3,0.09717451
