Sno,Weight
0,0.011997027
1,0.0072105913
2,0.017660469
3,0.012956289
