Sno,Weight
0,0.09139391
1,0.0919702
2,0.10962315
3,0.083169855
